timestamp,open_interest
2020-01-01,507450712.29516846
2020-01-02,459071887.1668811
2020-01-03,431712137.87673545
2020-01-04,405181954.1177645
2020-01-05,350466312.2896229
2020-01-06,317619470.87980825
2020-01-07,301873479.23264337
2020-01-08,263921638.76027033
2020-01-09,225908286.1753776
2020-01-10,204940271.4444011
2020-01-11,173088216.3629996
2020-01-12,148620370.47837788
2020-01-13,128153934.79561168
2020-01-14,98991862.36483617
2020-01-15,79723111.21039999
2020-01-16,63285264.701269135
2020-01-17,44496704.339610204
2020-01-18,28882494.359557524
2020-01-19,12174212.901755048
2020-01-20,-2320023.757123369
2020-01-21,-16934842.902952906
2020-01-22,-28706780.5322656
2020-01-23,-40568487.18074831
2020-01-24,-48814659.46075721
2020-01-25,-59459719.173156716
2020-01-26,-69094435.70587528
2020-01-27,-73636708.60643603
2020-01-28,-83614846.55254032
2020-01-29,-86536151.27362506
2020-01-30,-91804202.37123515
2020-01-31,-94439520.77484232
2020-02-01,-104319547.9921065
2020-02-02,-100551576.49452473
2020-02-03,-98269501.44018956
2020-02-04,-104047257.90948999
2020-02-05,-97077579.45193328
2020-02-06,-99812352.51244292
2020-02-07,-91137599.37754357
2020-02-08,-89973630.4484607
2020-02-09,-90373952.00036623
2020-02-10,-87147689.96230727
2020-02-11,-80386079.34598589
2020-02-12,-73755672.03609326
2020-02-13,-66783617.89652681
2020-02-14,-57468273.157054074
2020-02-15,-51134484.23353801
2020-02-16,-43190569.28380878
2020-02-17,-35856749.3990449
2020-02-18,-25419709.066157766
2020-02-19,-14238907.564538464
2020-02-20,-4439434.056811482
2020-02-21,6653146.310521578
2020-02-22,17955578.61187652
2020-02-23,30930344.396798078
2020-02-24,44170849.77870406
2020-02-25,57281639.81497506
2020-02-26,67252580.76677231
2020-02-27,81852460.7347299
2020-02-28,97551876.79421511
2020-02-29,114133128.17101993
2020-03-01,123681724.36940013
2020-03-02,139582522.8254574
2020-03-03,150341899.56741142
2020-03-04,164748619.38028163
2020-03-05,191022406.5861324
2020-03-06,210499943.61953047
2020-03-07,217768245.1348657
2020-03-08,241420456.40117535
2020-03-09,253343155.8402134
2020-03-10,261829744.9964469
2020-03-11,286535966.88813156
2020-03-12,313842329.0981937
2020-03-13,316247804.9116363
2020-03-14,348846438.4155327
2020-03-15,322338626.72380453
2020-03-16,375483161.60937905
2020-03-17,384029775.0898817
2020-03-18,395973442.9988094
2020-03-19,417156019.51242185
2020-03-20,406587502.89286536
2020-03-21,445652866.80985177
2020-03-22,469691267.2901406
2020-03-23,501968320.9061773
2020-03-24,488704519.06256825
2020-03-25,499569909.67985684
2020-03-26,519394173.34571177
2020-03-27,557329977.3064619
2020-03-28,562768317.3259791
2020-03-29,562738805.753376
2020-03-30,595100728.2875421
2020-03-31,601747395.8882647
2020-04-01,631411462.3152953
2020-04-02,613618699.4996954
2020-04-03,633434615.6180845
2020-04-04,644620472.2024862
2020-04-05,635360366.9941468
2020-04-06,682468192.8910128
2020-04-07,693452090.0630538
2020-04-08,699463263.7186669
2020-04-09,705342357.0735583
2020-04-10,690409313.7454793
2020-04-11,722181121.2033876
2020-04-12,733881364.34656
2020-04-13,733229111.7169344
2020-04-14,757155139.8140036
2020-04-15,779418384.1764508
2020-04-16,823142258.9241804
2020-04-17,791892189.6331224
2020-04-18,802363572.5368595
2020-04-19,802602928.8317825
2020-04-20,765574286.7459579
2020-04-21,819370453.3285768
2020-04-22,828963236.4748031
2020-04-23,896356157.2474455
2020-04-24,836794095.6878492
2020-04-25,856073699.0923932
2020-04-26,854033403.7870474
2020-04-27,831035896.5233864
2020-04-28,897061473.1338239
2020-04-29,892910197.3116361
2020-04-30,899753335.3863459
2020-05-01,860255074.206559
2020-05-02,927116751.3930057
2020-05-03,857150721.3203408
2020-05-04,915543657.920048
2020-05-05,963882901.4645834
2020-05-06,882007334.2691203
2020-05-07,897905301.0462644
2020-05-08,920407263.602716
2020-05-09,907823955.2999668
2020-05-10,882613187.9289594
2020-05-11,931368417.8399379
2020-05-12,903357646.9778432
2020-05-13,949901144.9132007
2020-05-14,914033974.6023962
2020-05-15,987055672.2362407
2020-05-16,924077492.4406582
2020-05-17,940137946.1436532
2020-05-18,975431845.6896781
2020-05-19,919704631.8692933
2020-05-20,964173594.0737194
2020-05-21,997865528.0336375
2020-05-22,916265381.9695723
2020-05-23,970426824.0105176
2020-05-24,974930422.7170093
2020-05-25,992358589.646172
2020-05-26,935710222.6466353
2020-05-27,935279109.8002129
2020-05-28,991160004.1335074
2020-05-29,986555056.1047087
2020-05-30,987115239.3704276
2020-05-31,991815806.1057
2020-06-01,963367733.203674
2020-06-02,992073077.4751054
2020-06-03,995630138.0458989
2020-06-04,967480172.4402244
2020-06-05,1045792642.6391282
2020-06-06,1006132900.8904705
2020-06-07,958175703.2032973
2020-06-08,1014943031.9052539
2020-06-09,967830850.5871879
2020-06-10,1022208915.0195186
2020-06-11,1035047830.2687404
2020-06-12,977274159.8081944
2020-06-13,1032626331.8445745
2020-06-14,1017768365.0676717
2020-06-15,1031878893.955767
2020-06-16,1066202780.3601791
2020-06-17,1003149277.9577173
2020-06-18,989527047.9625902
2020-06-19,987229659.1999903
2020-06-20,991352352.4174242
2020-06-21,1015851144.2073959
2020-06-22,1030691118.0699425
2020-06-23,1030844026.1246599
2020-06-24,1049960858.9934565
2020-06-25,1027191068.1328927
2020-06-26,1074000982.895724
2020-06-27,1023354412.4273171
2020-06-28,1118438519.5771382
2020-06-29,1056117598.4792246
2020-06-30,1012637705.4467763
2020-07-01,1008693290.5506712
2020-07-02,1060222321.8746347
2020-07-03,1041104356.2647219
2020-07-04,1073804969.4550383
2020-07-05,1069538704.7005008
2020-07-06,1055665781.078922
2020-07-07,1034555958.3378898
2020-07-08,1016799108.7916619
2020-07-09,1054717783.0918121
2020-07-10,1100585885.1939273
2020-07-11,1084071002.3566456
2020-07-12,1041031093.5121977
2020-07-13,1091548036.7624743
2020-07-14,1103141216.0462081
2020-07-15,1066294968.9032975
2020-07-16,1105396209.9722123
2020-07-17,1107419987.118132
2020-07-18,1072756833.3016894
2020-07-19,1128381561.339153
2020-07-20,1141028356.2832563
2020-07-21,1164759427.1544182
2020-07-22,1170129577.7224998
2020-07-23,1093507023.0345721
2020-07-24,1114971482.4076662
2020-07-25,1171903861.6925552
2020-07-26,1179021767.9960892
2020-07-27,1186465012.9340308
2020-07-28,1311854423.3819988
2020-07-29,1203980420.0769198
2020-07-30,1232325158.8398857
2020-07-31,1234344063.4857552
2020-08-01,1232148047.895979
2020-08-02,1205805914.4701407
2020-08-03,1254285484.769076
2020-08-04,1207009455.0406132
2020-08-05,1236357240.8631737
2020-08-06,1236724224.4156654
2020-08-07,1268145754.191248
2020-08-08,1363881022.4129534
2020-08-09,1213818459.5033233
2020-08-10,1323309398.0787804
2020-08-11,1244353781.2295606
2020-08-12,1300184647.8134117
2020-08-13,1373788702.7305045
2020-08-14,1344619695.0900311
2020-08-15,1310186663.3103356
2020-08-16,1336806175.452681
2020-08-17,1406609816.792016
2020-08-18,1360629738.0697176
2020-08-19,1413052814.2445028
2020-08-20,1418916939.4940083
2020-08-21,1402281006.7138696
2020-08-22,1536569913.1683512
2020-08-23,1485113889.2168825
2020-08-24,1381904869.2625716
2020-08-25,1493702626.8205159
2020-08-26,1469926284.0550945
2020-08-27,1552933458.9398649
2020-08-28,1492570130.3504412
2020-08-29,1538516457.8062568
2020-08-30,1582553534.1309338
2020-08-31,1615123460.024859
2020-09-01,1532484287.9955125
2020-09-02,1589300613.1917448
2020-09-03,1598180554.3824744
2020-09-04,1605245430.2634225
2020-09-05,1741155872.975285
2020-09-06,1690286835.8273115
2020-09-07,1622799229.9180965
2020-09-08,1750278336.4204962
2020-09-09,1829850542.2629564
2020-09-10,1791267033.5013075
2020-09-11,1674763401.1045358
2020-09-12,1746465575.1909034
2020-09-13,1857867704.0116005
2020-09-14,1769258632.4316142
2020-09-15,1849898062.6631365
2020-09-16,1886553042.6849349
2020-09-17,1810202957.5351942
2020-09-18,1877051953.582783
2020-09-19,1714338144.8140624
2020-09-20,1858791227.34042
2020-09-21,1921934988.3866663
2020-09-22,1882431926.7449136
2020-09-23,2071523741.276064
2020-09-24,1908572735.5719798
2020-09-25,1987004489.3196182
2020-09-26,2041156504.333699
2020-09-27,2141677674.232601
2020-09-28,1983492044.4106653
2020-09-29,2165803154.3336587
2020-09-30,2113551299.9555087
2020-10-01,2070345471.676398
2020-10-02,2183390977.3795266
2020-10-03,2187021757.540757
2020-10-04,2155144185.9943595
2020-10-05,2220043925.400097
2020-10-06,2210413833.1617727
2020-10-07,2264924262.3154864
2020-10-08,2323579429.992432
2020-10-09,2408931258.4317584
2020-10-10,2234640461.7658396
2020-10-11,2492114658.9814386
2020-10-12,2225319172.374411
2020-10-13,2374499610.179869
2020-10-14,2449559681.400079
2020-10-15,2449362585.9677906
2020-10-16,2405011167.161331
2020-10-17,2457354793.7026505
2020-10-18,2457985111.712442
2020-10-19,2472559485.834547
2020-10-20,2604051572.010814
2020-10-21,2589115493.125588
2020-10-22,2530393920.9138255
2020-10-23,2676969893.771311
2020-10-24,2653450655.986563
2020-10-25,2716545558.886422
2020-10-26,2725136443.0270786
2020-10-27,2630341467.847201
2020-10-28,2674589384.4035015
2020-10-29,2804751967.393405
2020-10-30,2816915974.8422036
2020-10-31,2787587392.924681
2020-11-01,2822370172.3695908
2020-11-02,2944354325.0059204
2020-11-03,2808174908.2686825
2020-11-04,2929521009.5221405
2020-11-05,2887945792.1508837
2020-11-06,2909847512.108655
2020-11-07,3049749001.5777006
2020-11-08,3049616228.1740108
2020-11-09,3072668696.0912867
2020-11-10,3141443678.6882706
2020-11-11,3048588702.300668
2020-11-12,3133141323.9196296
2020-11-13,3065220091.9870844
2020-11-14,3148064208.392524
2020-11-15,3129234114.9544406
2020-11-16,3174493471.1388664
2020-11-17,3246032647.1946564
2020-11-18,3134059155.971202
2020-11-19,3439958567.305506
2020-11-20,3162246861.3960614
2020-11-21,3164905245.1875362
2020-11-22,3423400853.546666
2020-11-23,3411517823.766964
2020-11-24,3419147513.461954
2020-11-25,3443964095.024387
2020-11-26,3402940938.7434688
2020-11-27,3335865014.859269
2020-11-28,3459946137.910682
2020-11-29,3405433408.0575366
2020-11-30,3602387572.008864
2020-12-01,3508419359.458443
2020-12-02,3460173801.0821843
2020-12-03,3537893596.2429843
2020-12-04,3641525283.7798085
2020-12-05,3560787565.393685
2020-12-06,3557702369.142881
2020-12-07,3700844982.2533607
2020-12-08,3728277457.8610644
2020-12-09,3672355257.698438
2020-12-10,3704962107.7066083
2020-12-11,3814562131.8511124
2020-12-12,3653618030.2012205
2020-12-13,3689598079.076783
2020-12-14,3802657443.8787746
2020-12-15,3897048583.8414702
2020-12-16,3996523207.8108172
2020-12-17,4175808030.9027095
2020-12-18,4143902983.6801004
2020-12-19,4063526938.101318
2020-12-20,4126062919.009932
2020-12-21,4050371814.203614
2020-12-22,4223532843.105263
2020-12-23,4241218511.767231
2020-12-24,4375195172.451318
2020-12-25,4281949545.814659
2020-12-26,4520762741.335412
2020-12-27,4722424863.229666
2020-12-28,4566329898.144888
2020-12-29,4706932831.435579
2020-12-30,4821555359.957063
2020-12-31,4742224252.04844
2021-01-01,4912453072.577071
2021-01-02,4964245407.14137
2021-01-03,5062543323.79768
2021-01-04,5016285656.214778
2021-01-05,5228670884.951871
2021-01-06,5395110252.836571
2021-01-07,5642970397.284649
2021-01-08,5658279686.304059
2021-01-09,5953932742.325365
2021-01-10,5554580308.610541
2021-01-11,5929541165.705411
2021-01-12,5903505119.062505
2021-01-13,6355881434.965757
2021-01-14,5909999418.965571
2021-01-15,5994633458.475845
2021-01-16,6129822094.959721
2021-01-17,5930762995.105053
2021-01-18,6325052991.6501255
2021-01-19,6369710249.423142
2021-01-20,6639362994.651529
2021-01-21,6769228004.409003
2021-01-22,7173306594.831095
2021-01-23,7077316312.555923
2021-01-24,6849981029.842466
2021-01-25,6869267483.939983
2021-01-26,7253305130.658583
2021-01-27,6948845974.125663
2021-01-28,7724601863.125098
2021-01-29,7670511521.33941
2021-01-30,7388171460.315578
2021-01-31,7188576153.037025
2021-02-01,7972701075.40212
2021-02-02,7717420849.433911
2021-02-03,8116126288.3427
2021-02-04,7527802728.854811
2021-02-05,7841712845.076593
2021-02-06,8064743473.346321
2021-02-07,8151923155.580257
2021-02-08,8105241398.153602
2021-02-09,8445520081.97408
2021-02-10,8095815418.652703
2021-02-11,8399358708.728916
2021-02-12,8536344382.963532
2021-02-13,8706753549.055576
2021-02-14,8826151821.011377
2021-02-15,8413550436.143037
2021-02-16,8367678419.918916
2021-02-17,9172330471.916754
2021-02-18,8983046240.458403
2021-02-19,8752208788.425928
2021-02-20,9429602363.534288
2021-02-21,9096970039.253994
2021-02-22,9441413693.764416
2021-02-23,9188708544.76392
2021-02-24,9789433661.522587
2021-02-25,9754732002.288029
2021-02-26,9242374577.985598
2021-02-27,9627631276.518946
2021-02-28,9577720004.742132
2021-03-01,9821776942.922598
2021-03-02,9196572423.346607
2021-03-03,9700334460.963737
2021-03-04,9839120575.396957
2021-03-05,9060795788.60954
2021-03-06,9251691115.242832
2021-03-07,9028070030.842539
2021-03-08,9560082675.8274
2021-03-09,9864849000.023594
2021-03-10,10109280670.21704
2021-03-11,9708447422.121346
2021-03-12,10171591707.6826
2021-03-13,9303975649.67597
2021-03-14,9214779073.3443
2021-03-15,9697140953.754448
2021-03-16,9824590470.346941
2021-03-17,9699517944.853561
2021-03-18,9100587405.019712
2021-03-19,9666675250.076149
2021-03-20,9300878173.375528
2021-03-21,9857738672.982044
2021-03-22,9750344242.365705
2021-03-23,9350384812.745588
2021-03-24,9447833453.887718
2021-03-25,9262482544.048729
2021-03-26,9515833750.485344
2021-03-27,9769731531.071857
2021-03-28,9178209741.114176
2021-03-29,9557010499.470682
2021-03-30,9218771587.194601
2021-03-31,9095658818.622658
2021-04-01,9233326386.114962
2021-04-02,8919222809.366293
2021-04-03,8991485121.171658
2021-04-04,8751530229.347511
2021-04-05,9539223673.409986
2021-04-06,8944285310.827974
2021-04-07,8671487659.424656
2021-04-08,8832312659.519688
2021-04-09,8661167361.703966
2021-04-10,8543787786.73836
2021-04-11,8663721508.411543
2021-04-12,8600032032.27322
2021-04-13,8174425684.406933
2021-04-14,8058348712.801408
2021-04-15,8022337258.139031
2021-04-16,7423517332.922905
2021-04-17,7498636493.574313
2021-04-18,8051201358.088352
2021-04-19,7985109073.799064
2021-04-20,7426789293.9348
2021-04-21,7480970763.702301
2021-04-22,7290664006.690913
2021-04-23,7746417806.835196
2021-04-24,7192466032.517983
2021-04-25,6799407010.273211
2021-04-26,6500531651.344942
2021-04-27,6243336434.867776
2021-04-28,6466467446.458813
2021-04-29,6153235559.947566
2021-04-30,5903324444.735472
2021-05-01,5921494928.768236
2021-05-02,5721215991.670562
2021-05-03,6083225659.535874
2021-05-04,5820250973.593898
2021-05-05,5552482010.133605
2021-05-06,5682728890.638172
2021-05-07,5345064785.466042
2021-05-08,5093703993.491193
2021-05-09,5364308355.061539
2021-05-10,5117786471.084006
2021-05-11,4794585495.479453
2021-05-12,4839132123.331868
2021-05-13,4665930107.538856
2021-05-14,4527649585.172709
2021-05-15,4792266021.785577
2021-05-16,4873560071.38375
2021-05-17,4372896905.074684
2021-05-18,4604240843.360526
2021-05-19,4412163253.168553
2021-05-20,4415844989.35411
2021-05-21,4391958297.423577
2021-05-22,4353915719.026675
2021-05-23,4482393896.788847
2021-05-24,4377338786.1082115
2021-05-25,4545972621.3513775
2021-05-26,4528952267.638431
2021-05-27,4535217004.385172
2021-05-28,4480017712.256046
2021-05-29,4567211999.896958
2021-05-30,4800507327.437594
2021-05-31,4815706691.961961
2021-06-01,4657264029.820889
2021-06-02,4868785986.019311
2021-06-03,5023701639.9721
2021-06-04,4724303631.880027
2021-06-05,5117175764.517157
2021-06-06,4996279039.569221
2021-06-07,5248760045.8291445
2021-06-08,5103439447.9483
2021-06-09,4998787874.349923
2021-06-10,5084659083.877085
2021-06-11,5412491226.327357
2021-06-12,5504085814.047311
2021-06-13,5366042907.633372
2021-06-14,5673289362.771904
2021-06-15,5334097122.411094
2021-06-16,5645814093.786946
2021-06-17,5488534384.295565
2021-06-18,5616677128.35331
2021-06-19,5764464506.944042
2021-06-20,5628550273.875171
2021-06-21,5725600347.217389
2021-06-22,5975094948.803312
2021-06-23,5699673695.523313
2021-06-24,5938029374.850305
2021-06-25,5582747933.963965
2021-06-26,5849298814.844968
2021-06-27,5978568677.454086
2021-06-28,5275301108.245437
2021-06-29,5524012737.208342
2021-06-30,5712866933.368169
2021-07-01,5533247782.809158
2021-07-02,5575594913.489192
2021-07-03,5358236953.998412
2021-07-04,5410290825.744196
2021-07-05,5307116323.988175
2021-07-06,5449149592.617703
2021-07-07,5234346778.531995
2021-07-08,5174219319.38507
2021-07-09,4985615252.79876
2021-07-10,4899270382.089956
2021-07-11,4831212505.715541
2021-07-12,4873526138.981908
2021-07-13,4677918277.09274
2021-07-14,4699257714.176921
2021-07-15,4865049664.779221
2021-07-16,4619164155.218072
2021-07-17,4380722005.725588
2021-07-18,4504332192.607553
2021-07-19,4220566449.4235644
2021-07-20,3943196308.56759
2021-07-21,4004444085.202415
2021-07-22,3833000354.5732574
2021-07-23,3952641768.9789643
2021-07-24,3933062529.702704
2021-07-25,4063881964.5976567
2021-07-26,3847317480.9043074
2021-07-27,3728224957.3025947
2021-07-28,3790131168.6291814
2021-07-29,3403788122.5764856
2021-07-30,3620817084.2999005
2021-07-31,3629515064.434716
2021-08-01,3346505430.112563
2021-08-02,3577162536.667329
2021-08-03,3452144806.131876
2021-08-04,3336592741.659182
2021-08-05,3405678858.464258
2021-08-06,3533428167.9838467
2021-08-07,3294106665.006509
2021-08-08,3270868361.296057
2021-08-09,3175094708.911985
2021-08-10,3113098422.2987304
2021-08-11,3250955953.9204307
2021-08-12,3070716361.0801806
2021-08-13,3140423796.9438505
2021-08-14,3073375086.1372495
2021-08-15,3149355293.1927752
2021-08-16,3124724686.1997533
2021-08-17,3181129824.7573075
2021-08-18,3031674912.5246143
2021-08-19,3049903315.312305
2021-08-20,2982915789.6742887
2021-08-21,3032878263.4059577
2021-08-22,3111717064.075494
2021-08-23,3152274769.301708
2021-08-24,3004529274.5288453
2021-08-25,3180979662.412743
2021-08-26,3239132177.5329685
2021-08-27,3166137524.6296287
2021-08-28,3321558269.7635245
2021-08-29,3090585204.8343205
2021-08-30,3066961968.9429855
2021-08-31,3038879806.2549496
2021-09-01,3382079868.4439845
2021-09-02,3329919175.41559
2021-09-03,3291686281.0588827
2021-09-04,3358915838.7395086
2021-09-05,3253386497.7584314
2021-09-06,3655470973.179043
2021-09-07,3459860037.890438
2021-09-08,3501246386.3227816
2021-09-09,3612457078.8867974
2021-09-10,3635270589.336528
2021-09-11,3658443362.3593903
2021-09-12,3599478788.0611625
2021-09-13,3795118481.301829
2021-09-14,4014414569.324371
2021-09-15,4015758579.5937376
2021-09-16,4109936135.016115
2021-09-17,3926219337.976445
2021-09-18,3934321855.675488
2021-09-19,4108878761.281173
2021-09-20,4203623225.541377
2021-09-21,4411400420.922832
2021-09-22,4127432823.4632697
2021-09-23,4630819311.2772045
2021-09-24,4488145917.3504925
2021-09-25,4534997204.1252365
2021-09-26,4538452669.760511
2021-09-27,4532952175.809527
2021-09-28,4981423490.93819
2021-09-29,4966336550.845563
2021-09-30,4856444426.65939
2021-10-01,4950785095.626333
2021-10-02,5199413611.967277
2021-10-03,5624378395.284222
2021-10-04,5419974226.116111
2021-10-05,5320065151.989686
2021-10-06,5640651834.640418
2021-10-07,5748833136.574114
2021-10-08,5434080092.945352
2021-10-09,6021260240.217268
2021-10-10,6109582837.982149
2021-10-11,6406880118.558946
2021-10-12,6756981191.841355
2021-10-13,6751141801.0503235
2021-10-14,6607736082.464286
2021-10-15,6569431431.780317
2021-10-16,7466089290.33211
2021-10-17,7082073509.936292
2021-10-18,7213525315.25397
2021-10-19,7348684125.267827
2021-10-20,7544569071.172768
2021-10-21,7615193645.797694
2021-10-22,7663867107.486484
2021-10-23,7817800034.153014
2021-10-24,8089671878.618082
2021-10-25,8110881708.749696
2021-10-26,8210727300.087972
2021-10-27,8558356060.302913
2021-10-28,8600829603.271324
2021-10-29,9194043738.082935
2021-10-30,8210627284.60011
2021-10-31,9330637059.361338
2021-11-01,9482029449.942904
2021-11-02,8661140976.006897
2021-11-03,9223730171.098606
2021-11-04,9286415833.233517
2021-11-05,9050119788.385305
2021-11-06,9271118191.396181
2021-11-07,9203335324.997772
2021-11-08,10032843612.477114
2021-11-09,9792664726.692059
2021-11-10,9862393202.073334
2021-11-11,9659943300.036398
2021-11-12,9073735093.752129
2021-11-13,9164573552.707531
2021-11-14,9349465979.704975
2021-11-15,8768667979.385681
2021-11-16,9168967019.373152
2021-11-17,8775365535.317644
2021-11-18,8592350517.43759
2021-11-19,8713072010.108364
2021-11-20,8474942327.4008465
2021-11-21,8099720446.562819
2021-11-22,8285594771.656396
2021-11-23,7567219021.21779
2021-11-24,7771906986.82931
2021-11-25,7570817510.295231
2021-11-26,7177514313.831975
2021-11-27,7120115682.975019
2021-11-28,6601281277.9135065
2021-11-29,6853652143.058748
2021-11-30,6446637449.5872555
2021-12-01,6202564337.110644
2021-12-02,6319180119.5272045
2021-12-03,5832928230.909637
2021-12-04,5554927734.43274
2021-12-05,5386969876.924914
2021-12-06,5611641261.316197
2021-12-07,5174810936.619183
2021-12-08,5537863388.171779
2021-12-09,4827739615.49128
2021-12-10,5303501938.820986
2021-12-11,4983947384.74979
2021-12-12,4852826797.397993
2021-12-13,4711202819.915697
2021-12-14,4776550354.163435
2021-12-15,4653068710.240826
2021-12-16,4756562825.890186
2021-12-17,4572954639.860642
2021-12-18,4537985150.785404
2021-12-19,4435862275.85579
2021-12-20,4451009390.731549
2021-12-21,4479913606.601349
2021-12-22,4198411494.4281955
2021-12-23,4239326141.608105
2021-12-24,4514848276.87501
2021-12-25,4442971665.828983
2021-12-26,4405170910.73664
2021-12-27,4446532770.388812
2021-12-28,4510002645.00892
2021-12-29,4414891249.881144
2021-12-30,4410700575.377903
2021-12-31,4575743654.859837
2022-01-01,4451339904.187973
2022-01-02,4683375443.063889
2022-01-03,4432510611.163645
2022-01-04,4864586844.231667
2022-01-05,4837500129.934784
2022-01-06,4860873924.802461
2022-01-07,5024404361.767176
2022-01-08,5186567400.862622
2022-01-09,5153499799.312082
2022-01-10,4785231952.280006
2022-01-11,4933529556.303582
2022-01-12,5100232743.184501
2022-01-13,5270411953.334404
2022-01-14,5419013669.245378
2022-01-15,5289283734.357775
2022-01-16,5509355534.746867
2022-01-17,5425090824.949129
2022-01-18,5520293933.393204
2022-01-19,5455794827.912625
2022-01-20,5609024775.561002
2022-01-21,5604273108.122264
2022-01-22,5739838634.835774
2022-01-23,6173174934.84016
2022-01-24,5881713714.954057
2022-01-25,6606649519.327656
2022-01-26,6282280364.80656
2022-01-27,6291309389.248164
2022-01-28,6157981133.59383
2022-01-29,6516929364.438056
2022-01-30,6331395832.158099
2022-01-31,6523791913.855845
2022-02-01,7058106693.171913
2022-02-02,6587677166.287072
2022-02-03,6885604050.749171
2022-02-04,6561514309.9468355
2022-02-05,6740070962.503104
2022-02-06,7149515420.744117
2022-02-07,6699650237.782956
2022-02-08,7238099621.172457
2022-02-09,7045649796.31288
2022-02-10,6814142356.030314
2022-02-11,7092732496.039496
2022-02-12,7191806545.284135
2022-02-13,7143700342.648092
2022-02-14,6704156016.183554
2022-02-15,6902132414.958758
2022-02-16,7021807114.217007
2022-02-17,7074632079.068937
2022-02-18,7236755358.960899
2022-02-19,7154321087.497702
2022-02-20,6840762584.792326
2022-02-21,7215449909.409235
2022-02-22,7270713916.227172
2022-02-23,7263793394.959264
2022-02-24,7377486940.062534
2022-02-25,7324655916.000065
2022-02-26,7242529428.457455
2022-02-27,7125500128.900829
2022-02-28,6779622916.069552
2022-03-01,7219906582.619654
2022-03-02,7163552572.7000065
2022-03-03,7166587078.767922
2022-03-04,6824681101.877474
2022-03-05,6852997598.497277
2022-03-06,7290615211.717249
2022-03-07,7042034692.147652
2022-03-08,7175729292.6582575
2022-03-09,7017995701.79471
2022-03-10,6996909024.063235
2022-03-11,7164019909.674641
2022-03-12,6836221542.967012
2022-03-13,6938157797.383215
2022-03-14,6795812535.770231
2022-03-15,6773818540.31786
2022-03-16,6770545999.605017
2022-03-17,6848709179.552824
2022-03-18,6674375847.886785
2022-03-19,6992617603.30207
2022-03-20,6524814301.204182
2022-03-21,6632297511.784577
2022-03-22,6546066995.6447525
2022-03-23,6882803297.927673
2022-03-24,6597031408.229954
2022-03-25,6721128919.691149
2022-03-26,6190610314.930958
2022-03-27,6490138227.296048
2022-03-28,6567621980.915633
2022-03-29,6370115304.5989895
2022-03-30,6512923583.588101
2022-03-31,6169953298.652648
2022-04-01,6485619826.31449
2022-04-02,6603194748.031681
2022-04-03,6064442660.436471
2022-04-04,6003264277.4819145
2022-04-05,6300659482.881982
2022-04-06,6273551575.051502
2022-04-07,5848313113.153052
2022-04-08,5818553383.821424
2022-04-09,5794326565.373762
2022-04-10,5560514887.112472
2022-04-11,5586026258.89397
2022-04-12,5522594432.989724
2022-04-13,5513618787.302811
2022-04-14,5587015299.079966
2022-04-15,5580763224.545283
2022-04-16,5746010174.216465
2022-04-17,5276330829.826877
2022-04-18,5546831448.709715
2022-04-19,5301873821.196264
2022-04-20,5276621145.057519
2022-04-21,5338700865.855989
2022-04-22,5006565264.175484
2022-04-23,5188262815.468334
2022-04-24,5103188736.432464
2022-04-25,5100609954.297076
2022-04-26,5018171019.915407
2022-04-27,5286530160.324043
2022-04-28,4779654248.507032
2022-04-29,4745345325.987829
2022-04-30,4682511073.337094
2022-05-01,4642893010.182462
2022-05-02,4582444617.139131
2022-05-03,4787235066.425773
2022-05-04,4768232722.863178
2022-05-05,4447293028.251151
2022-05-06,4364887409.356535
2022-05-07,4491726449.161236
2022-05-08,4309451489.225754
2022-05-09,4417908467.731447
2022-05-10,4315847747.8623085
2022-05-11,4051518556.2597766
2022-05-12,4394985655.367588
2022-05-13,4380102905.85952
2022-05-14,4037482448.5086956
2022-05-15,4023409790.264254
2022-05-16,4063736721.8200717
2022-05-17,4028408861.3407626
2022-05-18,4026403948.368532
2022-05-19,4144972787.888545
2022-05-20,3850333364.8213725
2022-05-21,3741586704.3639555
2022-05-22,3639663261.482183
2022-05-23,3678566658.282404
2022-05-24,3722505279.80083
2022-05-25,3891081067.007294
2022-05-26,3602506240.185016
2022-05-27,3651667809.827611
2022-05-28,3594502559.1238766
2022-05-29,3693366429.6890635
2022-05-30,3805328470.3456106
2022-05-31,3453277844.896543
2022-06-01,3431061283.674341
2022-06-02,3564544230.4904985
2022-06-03,3501636567.376518
2022-06-04,3596489500.430632
2022-06-05,3444368532.2378407
2022-06-06,3327314454.150102
2022-06-07,3402457296.688852
2022-06-08,3434588965.537029
2022-06-09,3387397158.8812118
2022-06-10,3339269338.5400596
2022-06-11,3378378611.042099
2022-06-12,3373595555.249624
2022-06-13,3380758912.9232655
2022-06-14,3297263765.928027
2022-06-15,3207605067.1242414
2022-06-16,3228667067.554565
2022-06-17,3322653741.7930207
2022-06-18,3121574175.585225
2022-06-19,3230092772.771097
2022-06-20,3153195116.8771367
2022-06-21,3190994049.9481235
2022-06-22,3309155239.1987386
2022-06-23,3205135853.1925106
2022-06-24,3192482983.706419
2022-06-25,3060273924.1631126
2022-06-26,3265511727.390623
2022-06-27,3260687709.2112117
2022-06-28,3412598220.2520103
2022-06-29,3181967826.840655
2022-06-30,3240878430.381487
2022-07-01,3253024170.7214494
2022-07-02,3392353183.3108726
2022-07-03,3240998635.744968
2022-07-04,3289818730.621255
2022-07-05,3335439408.239183
2022-07-06,3308258427.2064767
2022-07-07,3260643475.51661
2022-07-08,3340208667.7503233
2022-07-09,3445219746.7978864
2022-07-10,3252080362.0463004
2022-07-11,3387396393.4663415
2022-07-12,3321997512.0961924
2022-07-13,3535755363.1357317
2022-07-14,3277320668.8982577
2022-07-15,3397907848.306079
2022-07-16,3517527890.4233065
2022-07-17,3665601599.0833
2022-07-18,3517874977.671039
2022-07-19,3490012441.85358
2022-07-20,3775739512.6020803
2022-07-21,3443177091.704633
2022-07-22,3386451549.0481825
2022-07-23,3700434668.386416
2022-07-24,3623936743.922379
2022-07-25,3593407717.573706
2022-07-26,3814446397.3147087
2022-07-27,3791142466.6390624
2022-07-28,3728400470.534701
2022-07-29,3675145753.4423013
2022-07-30,3952494453.5446405
2022-07-31,3957488940.4183908
2022-08-01,3900547609.629754
2022-08-02,4161340654.491298
2022-08-03,3846333566.8797216
2022-08-04,3821861185.5559793
2022-08-05,3952856509.3943224
2022-08-06,4062775691.903647
2022-08-07,4130148762.915751
2022-08-08,4102347656.2850456
2022-08-09,4208408853.9269276
2022-08-10,4039139545.4049706
2022-08-11,4412256339.82987
2022-08-12,4251016138.834296
2022-08-13,4437925303.89047
2022-08-14,4370972179.36768
2022-08-15,4418702709.932917
2022-08-16,4466489814.77786
2022-08-17,4483242731.245569
2022-08-18,4542065880.483769
2022-08-19,4667330767.591719
2022-08-20,4547098442.401657
2022-08-21,4649214320.888496
2022-08-22,4571805745.484473
2022-08-23,4815124524.17601
2022-08-24,4552752946.063028
2022-08-25,4930894909.449469
2022-08-26,4703292807.314405
2022-08-27,4536059458.58073
2022-08-28,4788034114.361035
2022-08-29,4701507966.454238
2022-08-30,4950857238.007465
2022-08-31,4763064940.575395
2022-09-01,4821464941.168954
2022-09-02,4636516005.331894
2022-09-03,4875861197.93445
2022-09-04,4608825058.70331
2022-09-05,4759598736.1242895
2022-09-06,5137904456.5309725
2022-09-07,5168045262.657673
2022-09-08,5138912282.752754
2022-09-09,4950760638.328721
2022-09-10,5115230010.387569
2022-09-11,5145245464.018165
2022-09-12,4988758351.821725
2022-09-13,5424314258.274365
2022-09-14,5348528653.803733
2022-09-15,5197067399.640233
2022-09-16,5255598197.205278
2022-09-17,5303126570.821048
2022-09-18,4964265327.931008
2022-09-19,5265988540.829811
2022-09-20,5212735346.2103195
2022-09-21,5176634878.221112
2022-09-22,5306350345.107722
2022-09-23,5654352618.977903
2022-09-24,5480970448.208498
2022-09-25,5296822038.363074
2022-09-26,5492491919.918754
2022-09-27,5636357571.757944
2022-09-28,5568030579.974268
2022-09-29,5434843905.345974
2022-09-30,5326008774.550734
2022-10-01,5550452700.796924
2022-10-02,5504794545.608122
2022-10-03,5589574734.520549
2022-10-04,5548757506.099529
2022-10-05,5616845589.576767
2022-10-06,5357101528.54903
2022-10-07,5657478193.03194
2022-10-08,5471188950.602396
2022-10-09,5772506423.047094
2022-10-10,5315849011.342116
2022-10-11,5702898382.184371
2022-10-12,5443857528.708036
2022-10-13,5295877027.965635
2022-10-14,5311460816.531863
2022-10-15,5324830108.743524
2022-10-16,5430038949.109688
2022-10-17,5429451564.827854
2022-10-18,5236164873.724001
2022-10-19,5304679450.109374
2022-10-20,5627495982.427233
2022-10-21,5538041402.485973
2022-10-22,5309636913.087909
2022-10-23,5221187637.634624
2022-10-24,5206449453.142801
2022-10-25,5253536704.361281
2022-10-26,4970345534.959117
2022-10-27,5055680889.052735
2022-10-28,4807262518.153913
2022-10-29,5084518389.770255
2022-10-30,5083091978.63505
2022-10-31,4874665205.237123
2022-11-01,5136171920.067735
2022-11-02,4682147182.512215
2022-11-03,4603751491.2971325
2022-11-04,4799849184.363084
2022-11-05,4866442310.086684
2022-11-06,4902472537.2079935
2022-11-07,4549687142.623407
2022-11-08,4705116292.403073
2022-11-09,4494801356.617404
2022-11-10,4417379926.074154
2022-11-11,4495291343.064607
2022-11-12,4401489942.521485
2022-11-13,4053140266.4793234
2022-11-14,4377396419.822024
2022-11-15,4300675735.045728
2022-11-16,3992440325.027543
2022-11-17,4057177031.1737566
2022-11-18,4011115252.5827956
2022-11-19,3928724352.8884106
2022-11-20,3783701309.0457845
2022-11-21,3723434936.055062
2022-11-22,3754139153.311943
2022-11-23,3849079281.9120674
2022-11-24,3743686651.839619
2022-11-25,3612336561.4712358
2022-11-26,3710105948.051233
2022-11-27,3295202573.494696
2022-11-28,3707199674.243746
2022-11-29,3381581493.1683683
2022-11-30,3516618350.267143
2022-12-01,3426922816.347934
2022-12-02,3402453650.736112
2022-12-03,3660065128.9801836
2022-12-04,3487131304.66605
2022-12-05,3576206746.162251
2022-12-06,3539760214.471514
2022-12-07,3603486498.556727
2022-12-08,3571188346.0280595
2022-12-09,3438004915.618946
2022-12-10,3697796691.479369
2022-12-11,3553984810.1183167
2022-12-12,3456979594.147322
2022-12-13,3600221502.437115
2022-12-14,3834742543.0092173
2022-12-15,3787814884.533297
2022-12-16,3680262626.62979
2022-12-17,3706840537.5805483
2022-12-18,3737849118.7804046
2022-12-19,4040544694.3881907
2022-12-20,3877817784.947223
2022-12-21,3914960769.6288056
2022-12-22,4017528619.202182
2022-12-23,3957859847.30887
2022-12-24,3932079150.1068854
2022-12-25,3972916696.0017567
2022-12-26,4021678639.9264026
2022-12-27,4059852494.917389
2022-12-28,4187969869.276137
2022-12-29,4138996038.846261
2022-12-30,4258002373.42017
2022-12-31,4189829710.9063187
2023-01-01,4243160580.203056
2023-01-02,4010206936.0571923
2023-01-03,4416436303.723141
2023-01-04,4375222019.749693
2023-01-05,4492327454.470226
2023-01-06,4011169317.5161414
2023-01-07,4700710547.836382
2023-01-08,4435229732.757395
2023-01-09,4632860580.691392
2023-01-10,4372508664.251506
2023-01-11,4625937872.286713
2023-01-12,4426703291.657388
2023-01-13,4513432781.588855
2023-01-14,4893169466.4037485
2023-01-15,4628395623.794052
2023-01-16,4712751995.665649
2023-01-17,4831930138.85269
2023-01-18,4805860945.136313
2023-01-19,4782981386.154841
2023-01-20,4839587826.134038
2023-01-21,5159474137.869428
2023-01-22,4829060662.7641945
2023-01-23,4891329046.182308
2023-01-24,5040219045.471365
2023-01-25,5072903179.685786
2023-01-26,5109236468.763292
2023-01-27,5051662518.758784
2023-01-28,4808717229.250846
2023-01-29,5247000467.748581
2023-01-30,4851196758.4895735
2023-01-31,5091516545.0447235
2023-02-01,4952435479.7512455
2023-02-02,5078351588.129064
2023-02-03,5159237071.2570715
2023-02-04,5178668454.040729
2023-02-05,5214431527.5372505
2023-02-06,5419192958.652698
2023-02-07,5258921944.131676
2023-02-08,5169231773.911975
2023-02-09,5377246041.618968
2023-02-10,5431635326.53636
2023-02-11,5068755344.186197
2023-02-12,5374958232.108924
2023-02-13,5409205830.416372
2023-02-14,5267449493.066219
2023-02-15,5551758963.601141
2023-02-16,5324145917.019799
2023-02-17,5384634036.9334
2023-02-18,5352388189.208536
2023-02-19,5398443082.464018
2023-02-20,5233254064.208116
2023-02-21,5191800318.227781
2023-02-22,5701196449.877117
2023-02-23,5316730325.374207
2023-02-24,5306798531.258624
2023-02-25,5129077960.144174
2023-02-26,5391494542.896514
2023-02-27,5291422657.243717
2023-02-28,5795198113.8045635
2023-03-01,5703546014.55963
2023-03-02,5433737718.619987
2023-03-03,5936181555.297801
2023-03-04,5736462626.8377
2023-03-05,5529552649.54268
2023-03-06,5175779839.427883
2023-03-07,5991748395.194979
2023-03-08,5383097808.139831
2023-03-09,5350043249.887922
2023-03-10,5811130227.052537
2023-03-11,6061645539.470802
2023-03-12,5893022968.336089
2023-03-13,5763503651.382164
2023-03-14,5778236620.786304
2023-03-15,5831599043.001133
2023-03-16,5824518570.485391
2023-03-17,5751568265.28064
2023-03-18,5729670184.28466
2023-03-19,5709198789.013096
2023-03-20,5598274673.520716
2023-03-21,5687200420.641746
2023-03-22,5451253822.522651
2023-03-23,5733175696.970888
2023-03-24,5586383512.729364
2023-03-25,5573064478.448512
2023-03-26,5801584474.349635
2023-03-27,6018014138.760159
2023-03-28,5942211430.697971
2023-03-29,5516065055.11378
2023-03-30,5622473211.235399
2023-03-31,5963694186.7099495
2023-04-01,5634182772.536454
2023-04-02,5771229249.877335
2023-04-03,5911248906.06891
2023-04-04,5650930979.138553
2023-04-05,5842953714.430605
2023-04-06,5595626648.967258
2023-04-07,5727864045.052569
2023-04-08,5893131034.297621
2023-04-09,5561869797.939766
2023-04-10,5921972492.67882
2023-04-11,5844877604.974987
2023-04-12,5948760958.399788
2023-04-13,5894415545.927415
2023-04-14,6098018737.652329
2023-04-15,5883362278.285821
2023-04-16,5788753371.073035
2023-04-17,5888672025.221223
2023-04-18,5965564789.434874
2023-04-19,5881149804.881512
2023-04-20,5882256459.107938
2023-04-21,5753798112.237232
2023-04-22,5763041746.758322
2023-04-23,5634787223.264155
2023-04-24,6193429517.440693
2023-04-25,5667095664.558581
2023-04-26,5766498996.695601
2023-04-27,5764047635.127144
2023-04-28,6051284937.432402
2023-04-29,5842928233.061995
2023-04-30,6117823622.485465
2023-05-01,5779861527.401558
2023-05-02,5950390293.014659
2023-05-03,5755007765.482606
2023-05-04,6284874535.107381
2023-05-05,5696354494.374569
2023-05-06,5963659300.66981
2023-05-07,6023071665.031462
2023-05-08,5986057630.753975
2023-05-09,5881772884.789154
2023-05-10,5893629248.002179
2023-05-11,5926509922.482646
2023-05-12,5894719694.262886
2023-05-13,6094250237.000333
2023-05-14,6318113894.847803
2023-05-15,5828308599.146166
2023-05-16,5686093272.144476
2023-05-17,5916460905.103772
2023-05-18,6393940363.5420885
2023-05-19,5794064705.812066
2023-05-20,6231948311.901896
2023-05-21,6241710144.323866
2023-05-22,5846722180.147233
2023-05-23,6049956708.581155
2023-05-24,6242233674.830757
2023-05-25,5886956126.970499
2023-05-26,5921613354.295848
2023-05-27,5857420965.043019
2023-05-28,5783446354.346991
2023-05-29,5852507883.311329
2023-05-30,5753345658.373534
2023-05-31,5982798909.123648
2023-06-01,5842732937.837255
2023-06-02,6027231400.152871
2023-06-03,5710209125.405504
2023-06-04,6054018375.816322
2023-06-05,6149441373.838093
2023-06-06,5645376042.052037
2023-06-07,6077254951.803257
2023-06-08,6236858787.08793
2023-06-09,5802525525.721007
2023-06-10,6329364410.981516
2023-06-11,6108935695.592386
2023-06-12,5911734137.254375
2023-06-13,6035964204.1604395
2023-06-14,6154313509.383011
2023-06-15,6073840111.362794
2023-06-16,6165433107.968033
2023-06-17,5907179833.533818
2023-06-18,6113745027.886012
2023-06-19,5832649239.38793
2023-06-20,6079036765.313129
2023-06-21,5942449314.470014
2023-06-22,5982087289.658905
2023-06-23,6353523638.03442
2023-06-24,6336803027.913571
2023-06-25,6258107858.298215
2023-06-26,5954263561.200324
2023-06-27,6107968225.980163
2023-06-28,6402147886.845607
2023-06-29,6214810887.5012455
2023-06-30,6631395294.436595
2023-07-01,6285135551.44035
2023-07-02,6259869819.035392
2023-07-03,6178671850.27354
2023-07-04,6274353265.121191
2023-07-05,6233789698.22877
2023-07-06,6409169564.073981
2023-07-07,6470071385.780367
2023-07-08,6154903637.897321
2023-07-09,6065481513.645183
2023-07-10,5983491202.73769
2023-07-11,6443814821.04087
2023-07-12,6151512816.017508
2023-07-13,5965466512.266339
2023-07-14,6467364865.163724
2023-07-15,6887836879.998776
2023-07-16,6423283023.405778
2023-07-17,6602576047.430153
2023-07-18,6472721131.639517
2023-07-19,6454154510.089564
2023-07-20,6668967469.273643
2023-07-21,6450189395.923249
2023-07-22,6576172786.6324
2023-07-23,6604102735.038608
2023-07-24,6426807138.832066
2023-07-25,6771359583.648161
2023-07-26,6558583015.371154
2023-07-27,6460949498.415585
2023-07-28,6735269823.889052
2023-07-29,6467277171.961409
2023-07-30,6669991114.035694
2023-07-31,6680538964.919321
2023-08-01,6918726654.892759
2023-08-02,6814267190.622156
2023-08-03,6731723410.626413
2023-08-04,6920739036.888611
2023-08-05,7055778132.084632
2023-08-06,6905239775.660927
2023-08-07,6812016929.119208
2023-08-08,6559499611.263017
2023-08-09,6627777181.797221
2023-08-10,6802001575.408356
2023-08-11,6757296002.33224
2023-08-12,6862715045.190214
2023-08-13,6931419677.194211
2023-08-14,7048097013.53067
2023-08-15,6941273969.199145
2023-08-16,7075847106.548646
2023-08-17,7005588853.826945
2023-08-18,6594549528.344903
2023-08-19,6829781852.155767
2023-08-20,7015111179.902846
2023-08-21,6806871536.802848
2023-08-22,7208159064.842
2023-08-23,7424081788.279812
2023-08-24,7375542177.569651
2023-08-25,7086836462.216848
2023-08-26,7469220674.97153
2023-08-27,7198261799.308661
2023-08-28,7110311714.380841
2023-08-29,7066939687.161688
2023-08-30,7150237724.698315
2023-08-31,7147593565.269143
2023-09-01,7284758385.510911
2023-09-02,7298377515.515316
2023-09-03,7279517339.872629
2023-09-04,7389699824.892033
2023-09-05,7570162514.163372
2023-09-06,7532470543.390407
2023-09-07,7011436659.126433
2023-09-08,6789235069.228335
2023-09-09,7573015118.38249
2023-09-10,7077579805.314755
2023-09-11,7343752506.416467
2023-09-12,7146700251.023267
2023-09-13,7018393438.424761
2023-09-14,7552680285.924023
2023-09-15,7613638443.003144
2023-09-16,7326960818.687816
2023-09-17,6886933280.568172
2023-09-18,7355947822.419304
2023-09-19,7577288389.339391
2023-09-20,7166908833.438086
2023-09-21,7550969632.7174015
2023-09-22,7515832927.999865
2023-09-23,7659353727.544945
2023-09-24,7564384411.991004
2023-09-25,7325483351.917966
2023-09-26,7824911425.246315
2023-09-27,7525356016.515003
2023-09-28,7562241941.127597
2023-09-29,7363030231.129595
2023-09-30,7480519337.671155
2023-10-01,7385702793.652196
2023-10-02,7552984976.475645
2023-10-03,7987300880.423502
2023-10-04,7288629607.646911
2023-10-05,7237143620.923355
2023-10-06,7944396430.792887
2023-10-07,7563574207.636164
2023-10-08,7460803802.641938
2023-10-09,7852922098.140022
2023-10-10,7478139807.612301
2023-10-11,8034411995.76638
2023-10-12,7772120517.012933
2023-10-13,7505205885.715301
2023-10-14,8108481695.282984
2023-10-15,7475572875.017016
2023-10-16,7781113125.355778
2023-10-17,7677094898.737342
2023-10-18,7902288091.055487
2023-10-19,7957248389.2115555
2023-10-20,7603715240.914822
2023-10-21,7419457289.890561
2023-10-22,7689663451.578214
2023-10-23,7424223793.324625
2023-10-24,8028236870.341788
2023-10-25,7593880518.434203
2023-10-26,7471389499.667848
2023-10-27,7586566876.041651
2023-10-28,7230145343.990645
2023-10-29,7304514174.329959
2023-10-30,7782810113.901383
2023-10-31,7352198787.231436
2023-11-01,7251858780.505233
2023-11-02,7593688752.163517
2023-11-03,7724523013.485605
2023-11-04,7605132489.4305315
2023-11-05,7651590945.727117
2023-11-06,7246015151.447646
2023-11-07,7083357885.39789
2023-11-08,7716050972.492099
2023-11-09,7296748416.781641
2023-11-10,7297450397.275302
2023-11-11,7630088717.077932
2023-11-12,7445162822.53125
2023-11-13,7408594866.33875
2023-11-14,7768623416.658251
2023-11-15,7141046113.176543
2023-11-16,7471464393.797833
2023-11-17,7269848321.778615
2023-11-18,7305035302.493613
2023-11-19,7568686684.609705
2023-11-20,7338265893.748352
2023-11-21,7337235026.522097
2023-11-22,7446525085.00726
2023-11-23,7130617242.688015
2023-11-24,7024755623.426364
2023-11-25,6978566992.438442
2023-11-26,6779271763.584946
2023-11-27,7650399191.354902
2023-11-28,6970792392.182454
2023-11-29,7166967410.919761
2023-11-30,7162394907.829934
2023-12-01,7298734670.132832
2023-12-02,7421228913.039626
2023-12-03,7445577666.746196
2023-12-04,7147656480.836272
2023-12-05,7257576713.070012
2023-12-06,7378036050.002376
2023-12-07,7285846255.471265
2023-12-08,7723324688.431528
2023-12-09,7507352246.2992
2023-12-10,7595584614.860022
2023-12-11,7616734699.501196
2023-12-12,7772215323.6720295
2023-12-13,7591905395.483606
2023-12-14,7301723415.637648
2023-12-15,7738886697.352143
2023-12-16,7550206863.2305565
2023-12-17,7634839082.411788
2023-12-18,7956379510.432072
2023-12-19,8176562465.991226
2023-12-20,7957606824.854577
2023-12-21,8099801462.933539
2023-12-22,8516300478.302851
2023-12-23,8242998486.343296
2023-12-24,8915059353.155197
2023-12-25,8501623014.381344
2023-12-26,8007946466.140552
2023-12-27,8747258368.264969
2023-12-28,8757088898.045042
2023-12-29,9106302665.233837
2023-12-30,9060377059.410753
2023-12-31,8962616884.32438
2024-01-01,8788873725.232985
2024-01-02,9194427923.408545
2024-01-03,9145255130.826895
2024-01-04,9354317197.873884
2024-01-05,9828531380.070995
2024-01-06,10288522606.315435
2024-01-07,10056194565.734327
2024-01-08,9718205723.163622
2024-01-09,10357290781.626595
2024-01-10,10733197129.423866
2024-01-11,10307918385.139395
2024-01-12,10593923333.080141
2024-01-13,10775932848.94228
2024-01-14,10646742557.942812
2024-01-15,11248164979.83684
2024-01-16,11120958338.767153
2024-01-17,11429170346.095055
2024-01-18,11106730196.640255
2024-01-19,11380374999.393036
2024-01-20,11903133045.40234
2024-01-21,11635704375.060469
2024-01-22,12497310690.921326
2024-01-23,11850070689.315111
2024-01-24,12185304275.84378
2024-01-25,12552923940.064238
2024-01-26,11792461269.999352
2024-01-27,11763445497.458452
2024-01-28,11947091464.076563
2024-01-29,13096402810.546349
2024-01-30,12503930528.538681
2024-01-31,13791033411.589748
2024-02-01,12681001549.808409
2024-02-02,13060194804.994421
2024-02-03,13679733696.689613
2024-02-04,13950983810.795794
2024-02-05,14059722189.85026
2024-02-06,13803125891.86253
2024-02-07,13808854834.020216
2024-02-08,13711342346.663057
2024-02-09,13860319941.140461
2024-02-10,13388703071.425867
2024-02-11,13345324634.427982
2024-02-12,13744633568.83584
2024-02-13,13737958220.958702
2024-02-14,13679864316.717812
2024-02-15,14216872160.855806
2024-02-16,14381648784.787271
2024-02-17,14070730604.421581
2024-02-18,14707829161.8969
2024-02-19,13647112671.009266
2024-02-20,14093792806.560732
2024-02-21,13912907383.407711
2024-02-22,13460240774.455141
2024-02-23,14260670574.287514
2024-02-24,14278704664.268171
2024-02-25,15015561637.42959
2024-02-26,14665599263.070366
2024-02-27,13977375499.854034
2024-02-28,15248588264.545404
2024-02-29,14997131469.644451
2024-03-01,14739642281.767311
2024-03-02,14404994397.630226
2024-03-03,14099935956.26612
2024-03-04,14367211875.16034
2024-03-05,15013331298.881153
2024-03-06,15367182348.264963
2024-03-07,15222149818.211926
2024-03-08,14336296199.09387
2024-03-09,14059448573.880611
2024-03-10,14605322252.844625
2024-03-11,13765696681.577663
2024-03-12,14668158557.147446
2024-03-13,14450736026.093624
2024-03-14,14297274121.687315
2024-03-15,13789443425.019106
2024-03-16,14684775084.931353
2024-03-17,14208282391.63248
2024-03-18,13907745456.684458
2024-03-19,13146209166.985542
2024-03-20,14343782083.785326
2024-03-21,15084715954.690403
2024-03-22,15000651306.69921
2024-03-23,14056336827.08646
2024-03-24,13956166930.453936
2024-03-25,14371441246.035852
2024-03-26,13706221151.770073
2024-03-27,14212389349.260883
2024-03-28,14361195240.671137
2024-03-29,14505517827.824286
2024-03-30,13899048647.649534
2024-03-31,13804905967.09898
2024-04-01,13472682124.96851
2024-04-02,13441208836.834028
2024-04-03,13634496717.210438
2024-04-04,13821836856.194181
2024-04-05,13986498656.165405
2024-04-06,13227905752.955387
2024-04-07,14098889453.126814
2024-04-08,13324454691.851957
2024-04-09,13363391761.155468
2024-04-10,13011046114.90946
2024-04-11,12282735031.175426
2024-04-12,13531719204.363955
2024-04-13,13407512046.113651
2024-04-14,12942297205.848457
2024-04-15,13013024182.464005
2024-04-16,13121010599.272009
2024-04-17,12252222116.010515
2024-04-18,12585401905.124212
2024-04-19,13024917693.88831
2024-04-20,12178917376.594013
2024-04-21,12699296118.801216
2024-04-22,12012212212.923582
2024-04-23,12629627762.569323
2024-04-24,12375828450.837307
2024-04-25,11725990742.883251
2024-04-26,12685771001.091223
2024-04-27,11923583174.95955
2024-04-28,11832789598.653296
2024-04-29,12136052973.822758
2024-04-30,12413509445.794338
2024-05-01,11573459809.497984
2024-05-02,11897177446.783142
2024-05-03,11965855805.552866
2024-05-04,11997643387.758684
2024-05-05,11755233359.968214
2024-05-06,11506014855.936214
2024-05-07,11288191247.89041
2024-05-08,11547508998.335993
2024-05-09,11091961946.029696
2024-05-10,10404636144.141644
2024-05-11,11496909593.517998
2024-05-12,11599383878.507587
2024-05-13,10441964790.560127
2024-05-14,10846010079.068235
2024-05-15,11338406646.490944
2024-05-16,11762963614.010975
2024-05-17,11034093536.557354
2024-05-18,10736241809.317537
2024-05-19,10865385170.639408
2024-05-20,11323897400.89647
2024-05-21,10616154459.927298
2024-05-22,10518793171.691643
2024-05-23,10573648045.306005
2024-05-24,10375990141.895008
2024-05-25,10673664888.553333
2024-05-26,11104244532.475828
2024-05-27,10644588519.05784
2024-05-28,10417756084.31093
2024-05-29,10361119074.842628
2024-05-30,9920479026.46248
2024-05-31,10639746640.847025
2024-06-01,10298142716.513853
2024-06-02,10224252357.27372
2024-06-03,11218875076.182919
2024-06-04,10288290488.13762
2024-06-05,9927151667.650639
2024-06-06,9986671314.088743
2024-06-07,10423615300.916847
2024-06-08,10071468873.249409
2024-06-09,9567365785.435856
2024-06-10,10235438419.818035
2024-06-11,9724315839.803782
2024-06-12,10441789827.586422
2024-06-13,10168818910.864014
2024-06-14,9681956358.612547
2024-06-15,10153899994.650234
2024-06-16,9762913069.22343
2024-06-17,9956894554.062185
2024-06-18,9815122495.918362
2024-06-19,9396039549.235537
2024-06-20,9422193371.381054
2024-06-21,9870859791.716412
2024-06-22,9446939262.694773
2024-06-23,9395835180.914452
2024-06-24,9208055790.166668
2024-06-25,9568875737.130737
2024-06-26,10001122087.359705
2024-06-27,9087668814.331984
2024-06-28,9365551335.251406
2024-06-29,9724847469.557566
2024-06-30,9278611976.124231
2024-07-01,9398332902.792814
2024-07-02,8949920191.78826
2024-07-03,9335460156.348341
2024-07-04,9138296924.876486
2024-07-05,9434117781.285862
2024-07-06,9462252703.084406
2024-07-07,9818596660.96177
2024-07-08,9243184601.527636
2024-07-09,9148519322.434448
2024-07-10,9087788007.735794
2024-07-11,8915123956.325409
2024-07-12,9077690526.941608
2024-07-13,8883206841.023354
2024-07-14,8984352456.11977
2024-07-15,9268489644.780708
2024-07-16,8624728381.868563
2024-07-17,9174166910.812654
2024-07-18,9198329054.93201
2024-07-19,8795610536.961872
2024-07-20,8244866881.23637
2024-07-21,8624014509.86504
2024-07-22,9104286395.345621
2024-07-23,8736724858.080189
2024-07-24,8460941376.806609
2024-07-25,8570646417.166692
2024-07-26,8901676605.30224
2024-07-27,8805365645.564095
2024-07-28,8582143238.224161
2024-07-29,8530287313.629934
2024-07-30,8505419305.864868
2024-07-31,8350537857.672224
2024-08-01,8985385207.102777
2024-08-02,8469496102.683699
2024-08-03,8846196351.073406
2024-08-04,8905882127.163258
2024-08-05,8754569279.02773
2024-08-06,8373231900.618886
2024-08-07,8568989003.961809
2024-08-08,8444036138.68119
2024-08-09,8205654357.193206
2024-08-10,8500875405.2549
2024-08-11,8106874800.76676
2024-08-12,8688879756.622095
2024-08-13,8259673289.953749
2024-08-14,8414133278.913466
2024-08-15,8422682038.714931
2024-08-16,8275841112.37645
2024-08-17,8477108680.022887
2024-08-18,8202797731.709995
2024-08-19,8530592147.77786
2024-08-20,7970960428.7951355
2024-08-21,8332113061.28949
2024-08-22,8778754922.099417
2024-08-23,8044181679.647873
2024-08-24,8122741492.577474
2024-08-25,8418876970.92789
2024-08-26,8336979970.4254
2024-08-27,8382405412.081166
2024-08-28,8421451143.379115
2024-08-29,8464025330.455738
2024-08-30,8590649251.206182
2024-08-31,8426062816.83723
2024-09-01,8275165070.059117
2024-09-02,8517708107.781996
2024-09-03,8841814207.416862
2024-09-04,8349583461.966736
2024-09-05,8157346605.466349
2024-09-06,8705157981.239733
2024-09-07,8419436127.235417
2024-09-08,7924414088.22541
2024-09-09,8722619483.26596
2024-09-10,8401163634.136325
2024-09-11,8549489364.001326
2024-09-12,8695636812.98716
2024-09-13,8699128267.08207
2024-09-14,8877263902.366339
2024-09-15,8623497476.02208
2024-09-16,8921172494.726805
2024-09-17,8768350429.647003
2024-09-18,9088481009.624897
2024-09-19,9113943763.688992
2024-09-20,8756393233.168499
2024-09-21,9368503341.403824
2024-09-22,8992923273.633574
2024-09-23,9433465973.863789
2024-09-24,9386210483.475153
2024-09-25,9877329499.864408
2024-09-26,9378537730.339481
2024-09-27,9426337249.58612
2024-09-28,9608563747.375237
2024-09-29,9617615850.994905
2024-09-30,10036638489.316893
2024-10-01,9420726249.388746
2024-10-02,9687889494.576061
2024-10-03,9787520398.273163
2024-10-04,10514237386.472675
2024-10-05,10868821092.749928
2024-10-06,10425177406.640945
2024-10-07,10528274573.487143
2024-10-08,10732612841.913355
2024-10-09,11220660189.974728
2024-10-10,10674321609.644968
2024-10-11,11200889277.26452
2024-10-12,11597150477.675426
2024-10-13,11589948075.071997
2024-10-14,11639619169.154842
2024-10-15,12086449026.9605
2024-10-16,10934173523.17074
2024-10-17,12314601054.552824
2024-10-18,12003867049.130056
2024-10-19,11741799353.930826
2024-10-20,12802584694.486782
2024-10-21,13326920447.340109
2024-10-22,12941347345.531853
2024-10-23,13572909393.272348
2024-10-24,14050034647.921497
2024-10-25,14150358948.225826
2024-10-26,14510806866.517357
2024-10-27,14365808705.154015
2024-10-28,14313437789.259434
2024-10-29,13817405984.992592
2024-10-30,14645669788.997208
2024-10-31,14620539032.107714
2024-11-01,16244577217.82288
2024-11-02,15426680665.657824
2024-11-03,15830035686.145998
2024-11-04,16306429639.944748
2024-11-05,16337810472.569487
2024-11-06,17442133371.638786
2024-11-07,16570563663.633223
2024-11-08,17280504893.601536
2024-11-09,17091443814.960323
2024-11-10,17083469329.70672
2024-11-11,17769254106.736195
2024-11-12,18401180897.540623
2024-11-13,18507016022.440987
2024-11-14,18685641791.897858
2024-11-15,18602934393.958797
2024-11-16,19720240992.769066
2024-11-17,19215204427.19006
2024-11-18,20951765830.93799
2024-11-19,20904358987.166245
2024-11-20,20299770753.48714
2024-11-21,21409916999.670525
2024-11-22,21503576772.310215
2024-11-23,
2024-11-24,
2024-11-25,
2024-11-26,
2024-11-27,
2024-11-28,
2024-11-29,
2024-11-30,
2024-12-01,
2024-12-02,
2024-12-03,
2024-12-04,
2024-12-05,
2024-12-06,
2024-12-07,
2024-12-08,
2024-12-09,
2024-12-10,
2024-12-11,
2024-12-12,
2024-12-13,
2024-12-14,
2024-12-15,
2024-12-16,
2024-12-17,
2024-12-18,
2024-12-19,
2024-12-20,
2024-12-21,
2024-12-22,
2024-12-23,
2024-12-24,
2024-12-25,
2024-12-26,
2024-12-27,
2024-12-28,
2024-12-29,
2024-12-30,
2024-12-31,
2025-01-01,
2025-01-02,
2025-01-03,
2025-01-04,
2025-01-05,
2025-01-06,
2025-01-07,
2025-01-08,
2025-01-09,
2025-01-10,
2025-01-11,
2025-01-12,
2025-01-13,
2025-01-14,
2025-01-15,
2025-01-16,
2025-01-17,
2025-01-18,
2025-01-19,
2025-01-20,
2025-01-21,
2025-01-22,
2025-01-23,
2025-01-24,
2025-01-25,
2025-01-26,
2025-01-27,
2025-01-28,
2025-01-29,
2025-01-30,
2025-01-31,
2025-02-01,
2025-02-02,
2025-02-03,
2025-02-04,
2025-02-05,
2025-02-06,
2025-02-07,
2025-02-08,
2025-02-09,
2025-02-10,
2025-02-11,
2025-02-12,
2025-02-13,
2025-02-14,
2025-02-15,
2025-02-16,
2025-02-17,
2025-02-18,
2025-02-19,
2025-02-20,
2025-02-21,
2025-02-22,
2025-02-23,
2025-02-24,
2025-02-25,
2025-02-26,
2025-02-27,
2025-02-28,
2025-03-01,
2025-03-02,
2025-03-03,
2025-03-04,
2025-03-05,
2025-03-06,
2025-03-07,
2025-03-08,
2025-03-09,
2025-03-10,
2025-03-11,
2025-03-12,
2025-03-13,
2025-03-14,
2025-03-15,
2025-03-16,
2025-03-17,
2025-03-18,
2025-03-19,
2025-03-20,
2025-03-21,
2025-03-22,
2025-03-23,
2025-03-24,
2025-03-25,
2025-03-26,
2025-03-27,
2025-03-28,
2025-03-29,
2025-03-30,
2025-03-31,
2025-04-01,
2025-04-02,
2025-04-03,
2025-04-04,
2025-04-05,
2025-04-06,
2025-04-07,
2025-04-08,
2025-04-09,
2025-04-10,
2025-04-11,
2025-04-12,
2025-04-13,
2025-04-14,
2025-04-15,
2025-04-16,
2025-04-17,
2025-04-18,
2025-04-19,
2025-04-20,
2025-04-21,
2025-04-22,
2025-04-23,
2025-04-24,
2025-04-25,
2025-04-26,
2025-04-27,
2025-04-28,
2025-04-29,
2025-04-30,
2025-05-01,
2025-05-02,
2025-05-03,
2025-05-04,
2025-05-05,
2025-05-06,
2025-05-07,
2025-05-08,
2025-05-09,
2025-05-10,
2025-05-11,
2025-05-12,
2025-05-13,
2025-05-14,
2025-05-15,
2025-05-16,
2025-05-17,
2025-05-18,
2025-05-19,
2025-05-20,
2025-05-21,
2025-05-22,
2025-05-23,
2025-05-24,
2025-05-25,
2025-05-26,
2025-05-27,
2025-05-28,
2025-05-29,
2025-05-30,
2025-05-31,
2025-06-01,
2025-06-02,
2025-06-03,
2025-06-04,
2025-06-05,
2025-06-06,
2025-06-07,
2025-06-08,
2025-06-09,
2025-06-10,
2025-06-11,
2025-06-12,
2025-06-13,
2025-06-14,
2025-06-15,
2025-06-16,
2025-06-17,
2025-06-18,
2025-06-19,
2025-06-20,
2025-06-21,
2025-06-22,
2025-06-23,
2025-06-24,
2025-06-25,
2025-06-26,
2025-06-27,
2025-06-28,
2025-06-29,
2025-06-30,
2025-07-01,
2025-07-02,
2025-07-03,
2025-07-04,
2025-07-05,
2025-07-06,
2025-07-07,
2025-07-08,
2025-07-09,
2025-07-10,
2025-07-11,
2025-07-12,
2025-07-13,
2025-07-14,
2025-07-15,
2025-07-16,
2025-07-17,
2025-07-18,
2025-07-19,
2025-07-20,
2025-07-21,
2025-07-22,
2025-07-23,
2025-07-24,
2025-07-25,
2025-07-26,
2025-07-27,
2025-07-28,
2025-07-29,
2025-07-30,
2025-07-31,
2025-08-01,
2025-08-02,
2025-08-03,
2025-08-04,
2025-08-05,
2025-08-06,
2025-08-07,
2025-08-08,
2025-08-09,
2025-08-10,
2025-08-11,
2025-08-12,
2025-08-13,
2025-08-14,
2025-08-15,
2025-08-16,
2025-08-17,
2025-08-18,
2025-08-19,
2025-08-20,
2025-08-21,
2025-08-22,
2025-08-23,
2025-08-24,
2025-08-25,
2025-08-26,
2025-08-27,
2025-08-28,
2025-08-29,
2025-08-30,
2025-08-31,
2025-09-01,
2025-09-02,
2025-09-03,
2025-09-04,
2025-09-05,
2025-09-06,
2025-09-07,
2025-09-08,
2025-09-09,
2025-09-10,
2025-09-11,
2025-09-12,
2025-09-13,
2025-09-14,
2025-09-15,
2025-09-16,
2025-09-17,
2025-09-18,
2025-09-19,
2025-09-20,
2025-09-21,
2025-09-22,
2025-09-23,
2025-09-24,
2025-09-25,
2025-09-26,
2025-09-27,
2025-09-28,
2025-09-29,
2025-09-30,
2025-10-01,
2025-10-02,
2025-10-03,
2025-10-04,
2025-10-05,
2025-10-06,
2025-10-07,
2025-10-08,
2025-10-09,
2025-10-10,
2025-10-11,
2025-10-12,
2025-10-13,
2025-10-14,
2025-10-15,
2025-10-16,
2025-10-17,
2025-10-18,
2025-10-19,
2025-10-20,
2025-10-21,
2025-10-22,
2025-10-23,
2025-10-24,
2025-10-25,
2025-10-26,
2025-10-27,
2025-10-28,
2025-10-29,
2025-10-30,
2025-10-31,
2025-11-01,
2025-11-02,
2025-11-03,
2025-11-04,
2025-11-05,
2025-11-06,
2025-11-07,
2025-11-08,
2025-11-09,
2025-11-10,
2025-11-11,
2025-11-12,
2025-11-13,
2025-11-14,
2025-11-15,
2025-11-16,
2025-11-17,
2025-11-18,
2025-11-19,
2025-11-20,
